username,role
larsks,maintainer
erikerlandson,member
leseb,member
LaVLaS,member
cybette,member
cooktheryan,member
MichaelClifford,member
hemajv,member
tumido,member
srampal,member
Shreyanand,member
EldritchJS,member
sallyom,member
JudeNiroshan,member
Gregory-Pereira,member
joachimweyl,maintainer
DanNiESh,member
gagansk,member
ilya-kolchinsky,member
tssala23,member
sauagarwa,member
vbelouso,member
pavolloffay,member
tsisodia10,member
AIMikav,member
suppathak,member
anyuzoey,member
EoghanOConnor,member
kevincogan,member
donaldh,member
PalmPalm7,member
tesseract-rh,member
deewhyweb,member
rcarrata,member
rlopez133,member
